{
  "project_info": {
    "project_number": "581142173624",
    "firebase_url": "https://registration-1628064184748-default-rtdb.firebaseio.com",
    "project_id": "registration-1628064184748",
    "storage_bucket": "registration-1628064184748.appspot.com"
  },
  "client": [
    {
      "client_info": {
        "mobilesdk_app_id": "1:581142173624:android:54b6a9437c2af70eda214d",
        "android_client_info": {
          "package_name": "com.example.registration"
        }
      },
      "oauth_client": [
        {
          "client_id": "581142173624-27554e7i0kd7ivv56eabqv6o036ce0kl.apps.googleusercontent.com",
          "client_type": 3
        }
      ],
      "api_key": [
        {
          "current_key": "AIzaSyCArMFPI7n7rW2CkbTSHyyC2f6tFWKNIXg"
        }
      ],
      "services": {
        "appinvite_service": {
          "other_platform_oauth_client": [
            {
              "client_id": "581142173624-27554e7i0kd7ivv56eabqv6o036ce0kl.apps.googleusercontent.com",
              "client_type": 3
            }
          ]
        }
      }
    }
  ],
  "configuration_version": "1"
}